{
    "prepare_queue": {
        "installed": [],
        "uninstalled": []
    },
    "config_munge": {
        "files": {}
    },
    "installed_plugins": {
        "com.oauthio.plugins.oauthio": {
            "PACKAGE_NAME": "br.com.cityeyes"
        },
        "cordova-plugin-inappbrowser": {
            "PACKAGE_NAME": "br.com.cityeyes"
        }
    },
    "dependent_plugins": {},
    "modules": [
        {
            "file": "plugins/com.oauthio.plugins.oauthio/dist/oauth.js",
            "id": "com.oauthio.plugins.oauthio.OAuth",
            "pluginId": "com.oauthio.plugins.oauthio",
            "merges": [
                "OAuth"
            ]
        },
        {
            "file": "plugins/cordova-plugin-inappbrowser/www/inappbrowser.js",
            "id": "cordova-plugin-inappbrowser.inappbrowser",
            "pluginId": "cordova-plugin-inappbrowser",
            "clobbers": [
                "cordova.InAppBrowser.open",
                "window.open"
            ]
        },
        {
            "file": "plugins/cordova-plugin-inappbrowser/src/browser/InAppBrowserProxy.js",
            "id": "cordova-plugin-inappbrowser.InAppBrowserProxy",
            "pluginId": "cordova-plugin-inappbrowser",
            "merges": [
                ""
            ]
        }
    ],
    "plugin_metadata": {
        "com.oauthio.plugins.oauthio": "0.2.4",
        "cordova-plugin-inappbrowser": "1.3.0"
    }
}